x,y,z
3.346492467527911074e+00,2.338484772708837589e-02,1.500000000000000000e+00
7.909494128252813061e-01,2.000000000000000000e+00,1.892237735535128973e+00
2.611244917466806204e+00,2.000000000000000000e+00,-4.838014460165843689e-01
0.000000000000000000e+00,1.933307820822918188e+00,-8.195880617373124677e-01
2.976777688462857618e+00,-5.395774866156533012e-01,-1.000000000000000000e+00
2.765446405448395151e-01,-3.199506848372215551e-01,2.000000000000000000e+00
2.253101509077950038e+00,2.000000000000000000e+00,1.842078809865925759e+00
2.199943497951531768e+00,-1.194953255913708823e-01,-1.000000000000000000e+00
-5.000000000000000000e-01,6.069790325806745379e-02,7.255713607546130373e-01
3.500000000000000000e+00,-9.742342884743449005e-02,1.375159268275272240e-02
1.911364885892698595e+00,2.000000000000000000e+00,1.487644728122660354e+00
3.000000000000000000e+00,1.869541072604130161e+00,-5.904280677845503700e-01
1.132609511859911322e+00,2.000000000000000000e+00,1.679024498652898600e+00
2.470561654934816165e+00,5.182847305883253597e-02,-1.000000000000000000e+00
2.061784731215959177e+00,-1.000000000000000000e+00,-2.555356615729956760e-01
2.846505046618802215e+00,-1.612141926443378948e-01,-1.000000000000000000e+00
3.826610038429683058e-01,-1.000000000000000000e+00,1.854018654009942590e+00
3.000000000000000000e+00,6.692047117537192058e-01,-6.925175958085018069e-01
2.007094795613105109e+00,-1.000000000000000000e+00,7.746642009430599884e-01
-5.000000000000000000e-01,-1.523820360394112505e-01,5.075311992300388653e-01
2.169573682330660169e+00,1.684116723318997089e+00,-1.000000000000000000e+00
3.259809779850811218e+00,1.500000000000000000e+00,1.482997420786608567e+00
2.778705741296003673e-01,2.000000000000000000e+00,-9.090860245954567320e-01
3.500000000000000000e+00,9.663199686839063496e-01,7.657257107970798504e-01
2.287773926519140133e+00,-1.000000000000000000e+00,7.982375779004828864e-01
0.000000000000000000e+00,-5.709558243573743530e-01,-9.998616142368113024e-01
3.000000000000000000e+00,-8.733912500304360504e-01,1.687475388054515690e-01
8.002492290426205246e-01,-5.743781367880477218e-01,2.000000000000000000e+00
2.266043400189535539e+00,1.247048809570079353e-01,-1.000000000000000000e+00
1.499885666816196395e+00,5.892136057724517428e-01,2.000000000000000000e+00
-2.883776495017580377e-01,1.500000000000000000e+00,-4.921823928577355733e-01
2.302296601478182492e+00,9.154046530647281799e-01,-1.000000000000000000e+00
1.677025137870331806e+00,1.549966474710929187e+00,2.000000000000000000e+00
1.330181208186774988e+00,-8.503268598976492232e-01,2.000000000000000000e+00
1.053291463302153730e+00,2.984231955652116852e-01,2.000000000000000000e+00
1.473055972090475674e+00,2.000000000000000000e+00,7.172391038657743856e-01
6.789968101919641175e-01,-5.126282820199217216e-01,2.000000000000000000e+00
1.160242088029131979e-01,-1.000000000000000000e+00,1.346120785443703394e+00
5.931734771999137568e-01,-1.000000000000000000e+00,-2.191175422340507772e-02
3.124437976844257614e-01,3.137230162900224162e-01,2.000000000000000000e+00
0.000000000000000000e+00,1.198694304539974276e+00,1.678972883325027698e+00
4.014543955052788382e-01,1.610276868974378495e+00,-1.000000000000000000e+00
3.268182776942133660e+00,6.751894575211150329e-01,-5.000000000000000000e-01
7.771783754035161973e-01,-1.000000000000000000e+00,7.306809593317313833e-01
-3.317757084990164973e-01,5.392151770449107318e-01,-5.000000000000000000e-01
7.060700533431994996e-01,1.437459292246143772e+00,-1.000000000000000000e+00
2.527152898635085521e+00,2.000000000000000000e+00,1.469588500093143679e+00
0.000000000000000000e+00,1.848721984707852872e-01,-6.203361713882138417e-01
2.349686652512104512e+00,1.872807237071043573e-01,-1.000000000000000000e+00
-5.000000000000000000e-01,1.396375098330837616e-02,1.131150164798490287e+00
1.963888884740348173e+00,-1.000000000000000000e+00,-8.515225673958713992e-01
2.405528494612308776e+00,2.000000000000000000e+00,1.173461572210245940e+00
3.910872536999034921e-01,2.000000000000000000e+00,1.462652313778578073e+00
1.648322581124437969e+00,-1.000000000000000000e+00,1.542607284540005175e-01
3.206318879673246691e-01,-1.000000000000000000e+00,1.478544960383528117e+00
-2.355050614442664170e-01,-4.428960084006252629e-01,1.500000000000000000e+00
1.140299321041556846e-01,-7.907799258240615359e-01,-1.000000000000000000e+00
1.680147325514829815e+00,-1.000000000000000000e+00,1.454801561228570961e+00
-9.969704655721978170e-02,1.493201988574302197e+00,-5.000000000000000000e-01
1.514899533786877583e-01,-3.431406549679402174e-01,-1.000000000000000000e+00
2.805744574051071805e+00,-1.000000000000000000e+00,1.145843471162222293e+00
2.925582560281606792e+00,2.000000000000000000e+00,-8.279935125055932765e-01
-5.000000000000000000e-01,1.207885559753868243e+00,-1.117406151792270652e-01
1.609454590503623717e+00,2.000000000000000000e+00,6.810751338175839997e-01
2.473059787978669100e+00,1.342898721223427572e+00,-1.000000000000000000e+00
1.652364104730176031e+00,5.686480363337333976e-01,-1.000000000000000000e+00
2.937943299003727970e-01,2.000000000000000000e+00,2.831881762945924752e-01
-1.485665331642600506e-01,-5.000000000000000000e-01,8.902288207913200413e-01
-5.000000000000000000e-01,-3.765466409494506728e-01,3.366197996770456946e-01
1.890969734445675510e-01,-7.331511662281521291e-01,2.000000000000000000e+00
3.233111202856346900e+00,1.142258977901555062e+00,1.500000000000000000e+00
0.000000000000000000e+00,1.937594288849652013e+00,1.547386622426324188e+00
1.931578989256714785e+00,1.751412095616711184e-01,-1.000000000000000000e+00
2.550126637903157967e+00,6.825966817158368727e-01,-1.000000000000000000e+00
1.270502144244519016e+00,2.000000000000000000e+00,6.277961800583455876e-01
3.919533935667670610e-01,-1.000000000000000000e+00,1.042437478305313636e+00
3.000000000000000000e+00,-4.045564743105326544e-01,-8.616150141907695792e-01
2.678853875745618840e+00,2.000000000000000000e+00,5.309837195633264617e-01
0.000000000000000000e+00,6.280455904997963579e-01,-9.855715278796988166e-01
0.000000000000000000e+00,1.729955077792866280e+00,1.925902304509033325e+00
1.911679461400332292e+00,-4.295524564513055754e-01,2.000000000000000000e+00
3.000000000000000000e+00,1.814251302470775151e+00,1.975142875790159014e+00
6.585286337711212523e-01,1.783160734651665358e-01,2.000000000000000000e+00
-5.000000000000000000e-01,1.351402756506779435e+00,5.745390383579542792e-01
3.500000000000000000e+00,1.983183994483006529e-02,9.853204732050573345e-01
2.858966389662265684e+00,1.560352670232858507e+00,-1.000000000000000000e+00
5.734253418900502330e-01,-7.657449632644341975e-01,2.000000000000000000e+00
3.000000000000000000e+00,1.456220375669286859e+00,-8.950137259465306139e-01
2.933310602160477565e+00,2.000000000000000000e+00,1.651357276731115320e+00
3.000000000000000000e+00,1.607837277242941454e+00,-5.764445295455818963e-01
2.485877335982191294e+00,-1.000000000000000000e+00,1.454934990777476234e+00
2.071649952843503062e+00,9.127321301661788233e-01,-1.000000000000000000e+00
3.387968834108720184e+00,-5.000000000000000000e-01,-1.826630979251195885e-01
1.676847895313511305e+00,-2.475162186554469290e-01,2.000000000000000000e+00
3.481312015245046965e+00,1.272887395658377274e+00,-5.000000000000000000e-01
3.723361745328691574e-01,-5.909282476322567090e-01,2.000000000000000000e+00
1.254767786315286404e+00,-1.000000000000000000e+00,-5.815149609090111138e-01
2.728721496409264091e+00,-1.000000000000000000e+00,6.983725667160034511e-01
2.046599985014817769e+00,2.000000000000000000e+00,1.540930871369055044e-01
3.500000000000000000e+00,1.082931523368475757e+00,1.011063104246169297e+00
2.643827433714982966e+00,8.628943207624919509e-01,-1.000000000000000000e+00
1.986450748973695779e+00,1.663609052757053952e+00,-1.000000000000000000e+00
2.108174958863120452e+00,1.294684827155093032e+00,2.000000000000000000e+00
1.897547276706302632e+00,-1.000000000000000000e+00,6.225249944030606386e-01
2.699454266590834539e+00,-5.637351221995771100e-01,-1.000000000000000000e+00
1.113678121082138261e+00,-8.912133508548876204e-01,2.000000000000000000e+00
4.649737443751688071e-01,1.077338499051700538e+00,2.000000000000000000e+00
5.242115069170867336e-01,6.924321424359880517e-01,2.000000000000000000e+00
2.833568174902239445e+00,1.450348882667886752e-01,2.000000000000000000e+00
1.239042772641057111e+00,2.000000000000000000e+00,1.186320047734270133e+00
4.270459331543463577e-01,1.533565682540231734e+00,2.000000000000000000e+00
1.374246248270330373e+00,1.862346506097838361e+00,2.000000000000000000e+00
1.907517493209382575e+00,2.000000000000000000e+00,1.672654761550657287e+00
2.818607900978195246e+00,-9.499748178142741750e-01,-1.000000000000000000e+00
1.918886991972738709e+00,-1.000000000000000000e+00,1.642348087562909509e+00
3.000000000000000000e+00,1.306031328379091860e+00,1.893281674737290032e+00
0.000000000000000000e+00,1.574087081641206698e+00,1.062388490757796067e+00
3.500000000000000000e+00,1.003709046488101553e-01,1.403989203359363280e+00
5.578677302456211962e-01,1.575877696900314540e+00,-1.000000000000000000e+00
1.050779815877943113e+00,-6.092393914701045299e-01,2.000000000000000000e+00
0.000000000000000000e+00,1.612691780634400551e+00,3.362265293223853924e-01
1.908308630826396346e+00,8.704675705088253945e-01,2.000000000000000000e+00
2.054490101270613600e+00,-1.000000000000000000e+00,-4.271090802929383701e-01
6.249597559093428290e-01,1.042709244113724232e+00,2.000000000000000000e+00
3.124282911807872765e+00,7.560600478673229485e-01,-5.000000000000000000e-01
4.106015098984343581e-01,-6.936133452376747055e-02,-1.000000000000000000e+00
4.217271643805031722e-02,2.000000000000000000e+00,1.712473920194886201e+00
8.430825648656874449e-01,7.958103765372028793e-01,2.000000000000000000e+00
0.000000000000000000e+00,1.990504873447667133e+00,-8.406054118964029209e-01
-5.000000000000000000e-01,9.981334421620311481e-01,2.821077931727129506e-01
2.992180990822736142e+00,2.000000000000000000e+00,-4.460724148817211132e-01
1.962357056695074320e+00,-1.000000000000000000e+00,1.613033960930172483e-01
1.196729626966673621e+00,1.632907124783727681e+00,-1.000000000000000000e+00
0.000000000000000000e+00,1.598977159956113336e+00,-7.255068204308123825e-01
3.971769752542688714e-01,-1.000000000000000000e+00,6.734580804154388645e-02
1.254043945883978051e+00,2.000000000000000000e+00,8.195143553505346290e-02
2.718800447999265568e+00,2.000000000000000000e+00,1.392357238740387970e+00
1.875595775177591573e+00,-2.173073228852174799e-01,2.000000000000000000e+00
3.456158471771058061e+00,1.219922085331112793e+00,-5.000000000000000000e-01
1.106210734084162262e+00,1.903496053581649861e+00,2.000000000000000000e+00
3.500000000000000000e+00,4.106722806473306342e-02,4.871915235248558407e-01
1.012835078656050936e+00,9.074481120470458961e-01,-1.000000000000000000e+00
1.407177357114931970e+00,-1.000000000000000000e+00,-8.512457700809310523e-01
0.000000000000000000e+00,-6.620459090601883423e-01,-3.081484188995989859e-01
2.617602102997515168e+00,-1.000000000000000000e+00,-9.335489594481023445e-01
2.248416063460676462e-01,1.298106705302432662e+00,2.000000000000000000e+00
2.877434741325089806e+00,-3.764627197855678897e-01,2.000000000000000000e+00
9.162240669336946253e-01,9.704809586943685673e-02,2.000000000000000000e+00
-3.359235865680050281e-01,1.501554264048678977e-01,1.500000000000000000e+00
8.428568004320216023e-01,3.302319417564101300e-01,2.000000000000000000e+00
7.909657119554615035e-01,6.357049813324788801e-02,-1.000000000000000000e+00
2.595411790808755725e+00,-3.637690924062227937e-01,-1.000000000000000000e+00
-4.890663900713079215e-01,3.313244102071648545e-01,-5.000000000000000000e-01
2.055364894324203995e+00,6.974633188324026456e-01,2.000000000000000000e+00
3.332916026640897034e+00,-4.644497960725617602e-01,-5.000000000000000000e-01
1.357993600237187293e-01,-2.450256117620907004e-01,2.000000000000000000e+00
9.421501609172600045e-02,-1.000000000000000000e+00,-1.565606718828167487e-01
9.552749352915262948e-01,-1.000000000000000000e+00,1.519727351177374342e+00
1.194576899806553349e+00,2.000000000000000000e+00,3.833928731922657818e-01
2.887023840878576220e+00,2.000000000000000000e+00,-7.806375646635163035e-01
1.496619411371551189e+00,8.669155273630169134e-01,2.000000000000000000e+00
3.000000000000000000e+00,2.776235459057236898e-01,-8.823395154233564242e-01
3.238243300588460549e+00,1.358292286763474133e+00,-5.000000000000000000e-01
2.552335112499448666e+00,-1.000000000000000000e+00,1.148073162376724632e+00
-4.231673198528975721e-01,1.500000000000000000e+00,1.361588752870908081e+00
2.539534155947817062e+00,2.000000000000000000e+00,1.792996037132366993e+00
-5.000000000000000000e-01,1.202318106296879963e+00,4.981481945469172778e-01
8.143526440910466846e-01,2.000000000000000000e+00,1.018097073788333251e-01
0.000000000000000000e+00,1.171627391340871682e+00,1.890552747387701515e+00
3.000000000000000000e+00,-9.785743581598554952e-01,-4.721805420654285879e-01
3.088644136413062569e+00,-5.000000000000000000e-01,-4.080626581045692092e-01
1.789642989034833986e+00,-1.000000000000000000e+00,-9.105746421362836962e-02
-4.767640773726278258e-01,-3.388849263685245194e-01,1.500000000000000000e+00
2.026496648334266126e+00,-5.144905053996509103e-01,2.000000000000000000e+00
2.352201202590600282e+00,-1.000000000000000000e+00,-2.904627863779712937e-01
3.240572655272450753e+00,-1.792012096041897262e-01,1.500000000000000000e+00
0.000000000000000000e+00,-7.805530992785066902e-01,-7.347796890494417976e-01
-1.039293922183803787e-02,3.368696592214008856e-01,-5.000000000000000000e-01
-2.772410727578238365e-01,-5.000000000000000000e-01,2.535482909979349664e-01
8.541312438793419171e-01,-1.000000000000000000e+00,-3.021505223316028887e-01
5.544921864025714742e-01,2.000000000000000000e+00,-3.220464949721021375e-01
2.717132528385148404e+00,2.000000000000000000e+00,1.293909425768332788e+00
1.712860257940051589e+00,3.138237760041557856e-01,-1.000000000000000000e+00
9.443035025793887760e-01,-1.000000000000000000e+00,1.160622870767932469e+00
0.000000000000000000e+00,1.845153488612687465e-01,-5.767640401729718924e-01
7.647731472896140970e-01,2.000000000000000000e+00,1.635489964326293677e+00
7.192839885085856588e-01,2.000000000000000000e+00,2.834695320015123698e-03
1.254888481828022817e+00,-5.960962735503982923e-01,-1.000000000000000000e+00
1.217162415321017210e+00,5.065780471437286714e-01,2.000000000000000000e+00
7.555203708529988349e-01,-1.000000000000000000e+00,-8.817338965319143629e-01
9.590241463005050315e-01,2.632796828975791925e-02,-1.000000000000000000e+00
-5.000000000000000000e-01,6.056935900937951978e-01,5.249997859253685561e-02
1.790949966822657391e+00,-1.000000000000000000e+00,1.900943029132072581e+00
3.000000000000000000e+00,1.236816088592278984e+00,1.723351834791809978e+00
8.457987321580263673e-01,8.245737350087090078e-02,-1.000000000000000000e+00
3.500000000000000000e+00,1.046697269789334639e+00,3.579054667094627717e-02
7.051894631527598767e-01,9.324598440927540643e-01,2.000000000000000000e+00
3.457370703059984507e+00,-5.000000000000000000e-01,1.328324462661073069e+00
3.000000000000000000e+00,2.521175222814777683e-01,-8.584670822052106187e-01
3.000000000000000000e+00,-9.092486085485939062e-01,9.258619874604130384e-01
6.809627637591202376e-01,-1.000000000000000000e+00,-2.773210458803674339e-01
3.000000000000000000e+00,8.516195596226907583e-01,1.857098612239077795e+00
1.210999411091500111e+00,-1.000000000000000000e+00,1.499381943671322936e-01
2.870261196269995541e+00,-1.000000000000000000e+00,1.614082072777502930e+00
1.652716536195584007e+00,1.543241040472961956e+00,2.000000000000000000e+00
2.267023082475501106e-01,2.000000000000000000e+00,1.914357982538652525e+00
1.860963146003613566e+00,8.526255006556868743e-01,2.000000000000000000e+00
-1.849125029497180606e-01,-4.240655054773891930e-01,1.500000000000000000e+00
1.992418248506002021e+00,-1.000000000000000000e+00,5.266158691701203765e-01
0.000000000000000000e+00,-1.460856680775396432e-01,1.527412724915019560e+00
3.000000000000000000e+00,-8.092346918459240035e-01,1.945411095601962348e+00
2.650789075188170862e+00,6.467625376730026243e-01,-1.000000000000000000e+00
2.482758863200587029e+00,-8.893060525105859204e-01,-1.000000000000000000e+00
6.877200786809287703e-01,4.096458144016588143e-01,-1.000000000000000000e+00
-5.000000000000000000e-01,-3.445084198937868880e-01,-1.052489599605044290e-02
2.920656101479153222e+00,3.693607511782648345e-01,2.000000000000000000e+00
3.500000000000000000e+00,1.452200149957748820e+00,5.755225306675926245e-01
2.362131444136780001e+00,1.665469807934003565e-01,-1.000000000000000000e+00
2.653226853535423313e+00,-1.000000000000000000e+00,-6.336377269981152693e-03
1.962998364443456989e+00,1.198869856477366103e+00,2.000000000000000000e+00
1.260760829484850909e+00,-3.709789588067269328e-02,2.000000000000000000e+00
3.076166734096802635e+00,-5.000000000000000000e-01,1.020498754200593883e+00
0.000000000000000000e+00,1.245972276424331504e+00,1.990799009422463239e+00
2.340342217478041054e+00,1.203809949038475047e+00,2.000000000000000000e+00
3.500000000000000000e+00,7.361054435103930871e-02,1.307259402063417619e+00
1.676554033302080526e+00,1.443928136688089836e+00,-1.000000000000000000e+00
-5.000000000000000000e-01,6.336412444732706373e-01,-1.875596940520110056e-01
9.752933318845257160e-01,-5.499603860429409519e-01,2.000000000000000000e+00
0.000000000000000000e+00,1.983809220236976145e+00,9.874313844518729510e-01
6.203020767551151726e-01,1.143990987096716871e-01,2.000000000000000000e+00
3.182433707504615406e+00,-5.000000000000000000e-01,1.025741786431503266e+00
3.000000000000000000e+00,-9.151261590119742495e-01,-9.766230059259185525e-01
3.000000000000000000e+00,7.193756032192921701e-01,-9.217603412424203446e-01
3.362547798939815591e-01,1.960692802978839744e+00,2.000000000000000000e+00
1.385303108066171518e+00,1.988048089052380618e+00,-1.000000000000000000e+00
1.979452341943025662e+00,-1.000000000000000000e+00,1.148879828149788285e+00
2.874408946070385440e+00,8.982103576751496732e-01,-1.000000000000000000e+00
2.081468359714036431e+00,1.165256301427290975e-01,-1.000000000000000000e+00
1.020846299310819827e+00,1.525125523600506128e+00,2.000000000000000000e+00
4.256563024000082907e-01,9.486238555602151123e-01,2.000000000000000000e+00
1.249309700209647378e+00,-7.045092902969589677e-01,2.000000000000000000e+00
1.738727275873665157e+00,-1.000000000000000000e+00,3.014343064215727619e-01
2.931960984847390428e+00,2.000000000000000000e+00,-2.811573676285774592e-01
2.219862595389265891e+00,-2.182379849636160163e-01,2.000000000000000000e+00
3.000000000000000000e+00,1.391628948218559536e+00,1.634074576048367256e+00
1.908142013402064352e+00,2.000000000000000000e+00,1.490753559289061059e+00
1.305664106846408101e-01,-1.000000000000000000e+00,-1.184112082345819550e-01
6.431102344044670183e-02,9.372240631073738282e-01,2.000000000000000000e+00
4.126343445306303037e-01,1.235965265463784490e+00,2.000000000000000000e+00
2.770684061641997431e+00,3.879727522254485805e-01,2.000000000000000000e+00
0.000000000000000000e+00,-4.611024733819313326e-01,-6.719193735494005670e-01
6.429978232310803454e-01,8.216222638213568352e-01,-1.000000000000000000e+00
-4.335984755118249545e-01,1.001668001643661654e+00,1.500000000000000000e+00
3.679851483355645048e-02,2.000000000000000000e+00,-2.052038268142107880e-01
1.509653457099466856e+00,4.453232304340559722e-02,2.000000000000000000e+00
9.679967689282061860e-01,-2.445523338870398966e-01,-1.000000000000000000e+00
2.382739204943729927e+00,2.000000000000000000e+00,1.013880240426265900e+00
3.500000000000000000e+00,2.374511497152800299e-01,8.992541276700773967e-01
1.720617376015965094e+00,1.863036385749007096e+00,2.000000000000000000e+00
2.984997953768953050e-02,-1.000000000000000000e+00,-2.351548180254695586e-01
8.220487790292825281e-01,2.000000000000000000e+00,3.534215721240592245e-01
3.113780162109556215e+00,1.500000000000000000e+00,4.519868022929489637e-01
2.253356836184225109e+00,2.000000000000000000e+00,1.609827159049168177e+00
1.831717435641583291e+00,9.550846317607781799e-01,-1.000000000000000000e+00
2.263326486989618580e+00,-1.000000000000000000e+00,1.738486191949965232e+00
0.000000000000000000e+00,8.417107375345653786e-01,1.962350539870350019e+00
2.306166236810569981e+00,2.000000000000000000e+00,7.930969105540779385e-01
2.788677551027936907e+00,2.000000000000000000e+00,-5.851533829513904106e-01
1.584105109345981033e+00,2.000000000000000000e+00,3.858006167833805122e-01
0.000000000000000000e+00,6.202187757029198334e-01,1.981128075530506294e+00
1.131328312814644743e+00,2.000000000000000000e+00,-9.473411991227315143e-01
-5.000000000000000000e-01,1.301287066722871977e+00,1.226213615918430033e+00
2.552116538426060899e+00,2.000000000000000000e+00,-7.849013058685743172e-01
1.571133569939330510e+00,-1.000000000000000000e+00,-3.000735949339994324e-01
9.773600051736981431e-01,6.998801988857277223e-01,2.000000000000000000e+00
2.730813699341013479e+00,2.560404602440611299e-01,-1.000000000000000000e+00
0.000000000000000000e+00,7.281879555033059503e-01,-5.076013251215341082e-01
9.570522211652192635e-01,-1.000000000000000000e+00,-9.978271305433847882e-01
-5.000000000000000000e-01,4.134511545944212774e-01,1.393742732399396278e+00
-5.000000000000000000e-01,3.897451120513231171e-01,1.225475734217035040e+00
1.024558239466420551e+00,2.000000000000000000e+00,5.573275108885220597e-01
3.147236773599487947e+00,-5.000000000000000000e-01,1.400035603421708741e+00
3.000000000000000000e+00,1.778402636276933180e+00,1.659504717461765644e+00
1.355061137739397070e+00,-1.000000000000000000e+00,-2.942806227418147680e-01
0.000000000000000000e+00,-8.804504974683876606e-01,-3.692268697257409249e-01
2.921176335768936649e+00,1.732967184873641209e+00,2.000000000000000000e+00
2.809343005853405906e+00,-5.171563792831785911e-01,-1.000000000000000000e+00
2.972374629246783417e-01,-1.000000000000000000e+00,1.746462492165210101e+00
9.993635771080120467e-01,1.270991494783693110e+00,-1.000000000000000000e+00
3.000000000000000000e+00,3.590551377156439017e-01,-7.496658337288816254e-01
7.897286246636167073e-01,3.492665796954295132e-01,-1.000000000000000000e+00
3.500000000000000000e+00,2.661496368110352062e-01,1.331666474977932779e-02
0.000000000000000000e+00,-9.407549609819517711e-01,4.380712570571789755e-01
3.500000000000000000e+00,-7.123271131612307627e-02,2.738653993234239081e-01
7.520367441939322939e-01,-1.000000000000000000e+00,9.128856411711505636e-02
1.210487453236045452e-01,2.000000000000000000e+00,1.701746488739192209e+00
8.974464126285911503e-01,4.008590985009832242e-01,-1.000000000000000000e+00
1.224595265023027402e+00,1.567054800263634196e+00,2.000000000000000000e+00
0.000000000000000000e+00,-9.869862951840829846e-01,3.476591240538562388e-01
3.030215206558551699e+00,1.500000000000000000e+00,1.242923930252299414e+00
2.596416572399317779e+00,2.000000000000000000e+00,-7.151542136592079490e-01
3.000000000000000000e+00,-7.977788312160795092e-01,6.390937281828896754e-01
1.405844014898467664e+00,2.000000000000000000e+00,-4.513383980522689409e-01
4.765195390071776949e-01,2.000000000000000000e+00,-8.278802051873116463e-01
1.422818110250342549e+00,-1.000000000000000000e+00,3.370228429444228624e-01
6.628570682040446638e-01,2.000000000000000000e+00,2.635988027360547381e-01
2.273699914888273055e-01,9.076986769668700106e-01,-1.000000000000000000e+00
-1.311374170333450273e-01,-3.677044035242702513e-01,1.500000000000000000e+00
2.975370664054424630e+00,2.000000000000000000e+00,-7.545725567146748247e-01
1.641575830023887850e+00,1.156376127328361925e+00,2.000000000000000000e+00
0.000000000000000000e+00,-6.039304533052465285e-01,1.260423783708624068e-01
1.835316844240314271e+00,-1.000000000000000000e+00,1.108954410152796832e+00
3.500000000000000000e+00,-3.589067933803760102e-01,9.956543351803723851e-01
1.458187502830232907e+00,1.862455719567194468e+00,2.000000000000000000e+00
4.199782960909873575e-01,1.744849400228244196e+00,2.000000000000000000e+00
2.686026457176556193e+00,1.618975995742126806e+00,2.000000000000000000e+00
3.500000000000000000e+00,-1.599880448856840776e-01,1.358744031338463998e+00
1.256436206532168143e+00,-1.000000000000000000e+00,-7.542655664579953623e-01
0.000000000000000000e+00,-9.420274507710516554e-01,8.731195090174455053e-01
2.767013716525388745e+00,9.352814819194459339e-01,2.000000000000000000e+00
4.994369903419437762e-02,-1.000000000000000000e+00,9.239786813716019953e-01
7.907386943272931568e-02,-4.963769020304994450e-01,-1.000000000000000000e+00
1.159334049876559858e+00,2.000000000000000000e+00,1.167440666548273498e+00
2.059809905892809212e+00,-1.000000000000000000e+00,5.057920695473905326e-01
-5.000000000000000000e-01,1.198012036919983148e+00,-3.584448109567779372e-01
-5.000000000000000000e-01,-3.188839294993581763e-01,8.324943629867769257e-01
1.548584418533512919e-01,-9.872738124885876987e-01,2.000000000000000000e+00
-5.000000000000000000e-01,6.982531222757575318e-01,2.254188285163314376e-01
3.500000000000000000e+00,5.021904408850914603e-01,1.095628502493169343e+00
3.080885153835135615e-01,-9.010738188543890859e-01,2.000000000000000000e+00
7.811821072478233319e-01,-6.626494971282725910e-02,2.000000000000000000e+00
7.720193335282762304e-01,-5.424781628264719879e-01,-1.000000000000000000e+00
3.231458825041274574e-01,2.360102415977718415e-01,-1.000000000000000000e+00
-4.123059684733934027e-01,-5.000000000000000000e-01,6.312446622976009003e-01
-2.095096483767089346e-02,1.500000000000000000e+00,9.311777501119762324e-01
5.434307458869251928e-01,2.000000000000000000e+00,7.863055543978858530e-01
3.000000000000000000e+00,1.380497468139648465e+00,-6.683453060731416873e-01
3.488966670963072225e+00,-4.031333787554809422e-01,-5.000000000000000000e-01
0.000000000000000000e+00,-9.907180862685242007e-01,1.557914937796111232e+00
-4.894977171700343188e-01,-5.000000000000000000e-01,1.151766587455942403e-01
3.070639420258467922e+00,1.500000000000000000e+00,7.014449650209342302e-01
3.471075502455368555e-01,2.000000000000000000e+00,1.422393205466252919e+00
1.037732780567111712e+00,-1.000000000000000000e+00,7.037075483660923947e-01
3.367780531980479886e+00,-3.370514313213759383e-01,1.500000000000000000e+00
2.655190292310114497e+00,1.580117163799192870e-01,-1.000000000000000000e+00
2.018253934583930764e+00,-1.000000000000000000e+00,7.338565822902154423e-03
-5.000000000000000000e-01,1.472967536659537835e+00,8.129955174389202899e-01
0.000000000000000000e+00,1.296533493901363521e+00,1.867970089740585315e+00
3.500000000000000000e+00,1.059926717680622188e+00,-1.475529551792302829e-01
2.224531477305477623e+00,-7.455401715354175174e-01,2.000000000000000000e+00
3.500000000000000000e+00,7.278166739199447566e-01,1.298352657574138425e+00
0.000000000000000000e+00,1.097609885500400839e+00,1.893377375907741911e+00
1.088352985059793054e+00,2.000000000000000000e+00,9.260648119335643802e-01
3.500000000000000000e+00,6.301731736524984751e-01,-6.154127179322710361e-02
2.927243352203142468e+00,1.810360547031988343e-01,-1.000000000000000000e+00
0.000000000000000000e+00,-9.404438000414506726e-01,1.809672279145225104e+00
5.307830726271550725e-01,-5.549785014473805900e-01,2.000000000000000000e+00
-5.000000000000000000e-01,1.163800408990427471e+00,8.092961458097234217e-01
-5.000000000000000000e-01,2.582564580533435183e-01,9.630682776013694824e-01
3.182859034710344703e-01,-1.000000000000000000e+00,-9.478525221508299348e-01
-5.000000000000000000e-01,4.233377710497887580e-01,1.598145590801964833e-01
0.000000000000000000e+00,-5.941948776943354327e-01,1.927635869806755942e+00
1.301709654174971753e+00,-1.000000000000000000e+00,1.825161934157673915e+00
4.907294583386556663e-02,-4.797231254310254656e-01,-1.000000000000000000e+00
3.000000000000000000e+00,2.274950146017520325e-01,1.552684854684905247e+00
3.000000000000000000e+00,-7.891552170396525234e-01,-6.638295445885686874e-01
1.868913518864883994e+00,-6.377222534568548484e-01,2.000000000000000000e+00
1.978904467108923981e-01,-1.000000000000000000e+00,5.997540525234272835e-01
-3.519482832317801790e-01,1.079919079054125319e+00,1.500000000000000000e+00
2.102734261771713076e+00,-1.000000000000000000e+00,-3.157619488688391263e-01
3.061152237235648332e+00,9.945394803237137538e-01,-5.000000000000000000e-01
3.500000000000000000e+00,2.489304550536506344e-01,5.284070963401257259e-01
3.000000000000000000e+00,-4.460522840349442353e-01,1.908413242943494570e+00
-5.000000000000000000e-01,1.293022495662261129e+00,3.021976505404564417e-01
3.500000000000000000e+00,3.759549143850748898e-02,8.895207622248981760e-01
0.000000000000000000e+00,-4.566727576489272300e-01,1.839333599562198440e+00
2.288583308565512731e+00,-9.176567783550027002e-01,2.000000000000000000e+00
3.500000000000000000e+00,7.241467806069958879e-01,1.068361622294467184e+00
-8.892962331346887517e-02,5.520447852356449303e-01,1.500000000000000000e+00
3.000000000000000000e+00,3.813650778122572582e-01,1.908578453538277042e+00
1.544355929330123445e+00,1.982900469346011718e-01,2.000000000000000000e+00
9.302227274498149345e-01,9.491142625378379272e-01,-1.000000000000000000e+00
8.171102420463416394e-02,-7.824101009627325576e-01,2.000000000000000000e+00
1.540055617763950613e+00,2.000000000000000000e+00,1.053696692787171152e+00
0.000000000000000000e+00,-6.793820830961371238e-01,5.853541059713509576e-01
2.266256607397429068e+00,-1.000000000000000000e+00,-4.987850512319794705e-01
2.291295815317682116e-01,7.505951806841442142e-01,2.000000000000000000e+00
2.012440609022208893e+00,2.000000000000000000e+00,1.536561108908082396e+00
-5.000000000000000000e-01,1.030321586426117264e+00,-4.881122304217975216e-01
3.000000000000000000e+00,-4.671398379691392710e-01,-8.784909975095019918e-01
1.813407735037631197e+00,6.705361218984535743e-01,-1.000000000000000000e+00
2.828139059794606780e+00,7.170061691542981563e-01,2.000000000000000000e+00
6.486870322923601329e-01,-6.332221446467870551e-01,-1.000000000000000000e+00
1.900849622211070011e+00,2.000000000000000000e+00,1.147718323820143826e+00
0.000000000000000000e+00,-5.956894117160306257e-01,2.617063565761661437e-01
2.398009557950468995e+00,5.300038328988303515e-01,2.000000000000000000e+00
2.581143799593130339e+00,-3.478580625297100770e-01,2.000000000000000000e+00
2.055864047387701010e+00,1.165453773785467106e+00,2.000000000000000000e+00
9.103212131286553266e-01,2.000000000000000000e+00,1.666477221286882138e+00
-5.000000000000000000e-01,8.930790114412772152e-01,8.124106007572917676e-02
0.000000000000000000e+00,-5.695745181843685501e-01,-1.709183199331745229e-01
1.259695370720336216e-01,1.683065403483330336e-01,-1.000000000000000000e+00
3.000000000000000000e+00,1.295216302982685086e+00,-9.949176588246484432e-01
-5.000000000000000000e-01,1.727596711002112873e-01,6.513849338185957460e-01
5.863077422187268350e-01,1.692884099428663802e+00,2.000000000000000000e+00
2.177539718210980357e+00,2.000000000000000000e+00,9.531240885733553991e-01
3.470387965982783207e+00,-5.000000000000000000e-01,-1.899724239142679405e-01
1.815502834386870656e+00,-4.247605068564369590e-01,-1.000000000000000000e+00
3.000000000000000000e+00,6.822117891495464992e-01,-9.178406630068064453e-01
3.000000000000000000e+00,-7.931737538538077281e-01,1.471648358424166414e+00
0.000000000000000000e+00,1.594828912820033029e+00,9.611552544120227637e-02
3.500000000000000000e+00,-1.124079029567108812e-01,1.131449374547388143e+00
-1.051437057001960440e-01,1.347080408354894621e+00,1.500000000000000000e+00
1.312070098989335687e+00,2.000000000000000000e+00,1.566091715545844920e+00
0.000000000000000000e+00,1.770804760755725127e+00,4.899604858735302493e-01
1.959858502210851228e+00,9.944695719623997121e-02,-1.000000000000000000e+00
1.363365057190677465e+00,-1.000000000000000000e+00,-1.786725516622178489e-02
2.312109824542964542e+00,-4.658966030268597569e-01,-1.000000000000000000e+00
0.000000000000000000e+00,1.119655641244508892e+00,1.599740987313401863e+00
2.958519666847407859e-01,1.620726656569546620e-01,2.000000000000000000e+00
-5.000000000000000000e-01,9.429036518973488157e-02,8.770843029369441712e-01
-6.694034008486093867e-02,1.500000000000000000e+00,-8.941302977731457879e-02
-5.000000000000000000e-01,6.920134621285423115e-01,1.312083623153283973e-01
3.500000000000000000e+00,1.401108886585675783e-01,6.042611012029184270e-01
1.389890892013674328e-01,-1.000000000000000000e+00,9.732933437085513617e-01
2.051481680381562089e+00,-5.544898454574076485e-02,-1.000000000000000000e+00
1.514110036375184265e+00,3.973649376196222160e-01,2.000000000000000000e+00
-5.000000000000000000e-01,6.392830013849666315e-01,8.192844642700223279e-01
3.000000000000000000e+00,1.441730561177445580e-02,-7.604083307550821846e-01
-8.106708215730606959e-02,5.764467590276620701e-01,-5.000000000000000000e-01
3.409546464402626320e+00,1.500000000000000000e+00,2.552755363991310311e-02
0.000000000000000000e+00,1.188360607544382219e+00,1.779058074104070020e+00
4.735288112999685994e-01,1.395272990396146717e+00,2.000000000000000000e+00
1.031852956679128797e+00,2.000000000000000000e+00,1.722433569294612443e+00
3.757829326339557907e-01,1.763962230536036291e+00,2.000000000000000000e+00
2.330095694630498038e+00,2.000000000000000000e+00,1.918415474673060395e+00
3.000000000000000000e+00,-5.894793463265737277e-01,-6.415052209650994319e-01
2.252139131295393781e+00,2.000000000000000000e+00,7.354981978421510913e-01
2.632725790584100611e+00,2.000000000000000000e+00,1.585913739542558876e+00
2.177996796521076917e+00,2.000000000000000000e+00,1.031109200672171600e+00
1.733263530628426308e+00,2.000000000000000000e+00,1.878327929178978728e+00
2.241596058843704498e+00,1.311816823848261926e+00,2.000000000000000000e+00
3.126540292577520752e+00,-5.000000000000000000e-01,1.328598386667789955e+00
2.844335004989138938e+00,1.136497234949365165e+00,2.000000000000000000e+00
3.000000000000000000e+00,1.522582603478858321e+00,3.962564615845032279e-02
3.000000000000000000e+00,1.146325436216704574e+00,-6.255572781575738928e-01
-5.000000000000000000e-01,7.052538143577717911e-01,4.954282526002384834e-02
3.000000000000000000e+00,1.896868543497799209e+00,-7.879209817088866918e-01
4.167169714627535493e-01,6.745570066274353405e-01,2.000000000000000000e+00
3.500000000000000000e+00,9.187864047991902705e-01,8.282369774891460423e-01
0.000000000000000000e+00,3.738819334167990949e-01,1.836600276579557267e+00
2.377972740171760524e+00,-6.290307426070802510e-01,-1.000000000000000000e+00
2.244624717696176219e+00,1.501932371239009356e+00,-1.000000000000000000e+00
1.716035308244976854e+00,-1.000000000000000000e+00,1.797542728345868923e+00
1.897446100201753527e+00,-1.000000000000000000e+00,-5.043491848628971486e-01
2.330742476517939643e+00,7.414247428278817331e-01,2.000000000000000000e+00
2.235923164369517657e+00,-3.590791523132187413e-01,2.000000000000000000e+00
0.000000000000000000e+00,-8.928948304483773635e-01,4.617130016198318643e-01
1.440460438703262902e+00,-1.000000000000000000e+00,6.286611495540881389e-01
-2.768186595385546678e-01,1.500000000000000000e+00,1.531842680729142980e-01
3.500000000000000000e+00,4.686415123634273261e-01,8.090281253768101255e-01
3.167621885731193743e+00,-3.586232639052322480e-01,1.500000000000000000e+00
-2.291462472861878208e-01,1.500000000000000000e+00,4.756333901800502417e-02
3.500000000000000000e+00,3.067464809856399466e-01,-1.021910696620924597e-01
3.500000000000000000e+00,3.524554170196967373e-01,6.279605155501255531e-01
0.000000000000000000e+00,1.817401011021569257e+00,1.663071903308483979e+00
2.252524816492782911e+00,1.493335925845353351e+00,-1.000000000000000000e+00
2.418330558508132722e-01,2.000000000000000000e+00,-9.169866579005275797e-01
-5.000000000000000000e-01,1.063821912710744666e+00,-3.404732223537907387e-01
0.000000000000000000e+00,1.813851198598815717e+00,9.729025662799615226e-01
1.693320957750819922e+00,1.544754017975631388e-01,-1.000000000000000000e+00
4.881129120064569005e-01,6.378445914152051088e-01,2.000000000000000000e+00
4.066272089582606553e-01,2.000000000000000000e+00,2.257186689992245476e-01
3.000000000000000000e+00,1.961810151019102832e+00,-2.334408737332225314e-01
1.850053168784698387e+00,-4.253920589610782343e-02,2.000000000000000000e+00
3.041316106710582057e-01,1.317869006304126067e+00,2.000000000000000000e+00
1.402739127842403288e+00,1.534458639057552976e+00,2.000000000000000000e+00
-5.000000000000000000e-01,-3.230368151461064929e-01,1.466643004493008995e-01
3.000000000000000000e+00,3.580476266301721999e-01,-8.937300598464160695e-01
4.878459785374532620e-01,-1.000000000000000000e+00,-2.678309757802042057e-01
4.103824089565455413e-01,2.000000000000000000e+00,4.442592800175804157e-02
3.000000000000000000e+00,5.151039030145563302e-01,-5.493957691657876952e-01
2.686588873704096603e-01,1.241209814932701327e+00,-1.000000000000000000e+00
3.500000000000000000e+00,5.784036211975394082e-01,7.893696580877733737e-01
1.027544781171128685e+00,2.000000000000000000e+00,-7.475862891946454258e-01
1.111174636891545386e+00,-8.110447005165674073e-01,2.000000000000000000e+00
8.684302484856555315e-01,-1.000000000000000000e+00,-2.358153935233915366e-01
-5.000000000000000000e-01,-3.984929078607692965e-01,-2.778915093529090719e-01
1.494760178942040829e+00,-5.360529324688645403e-02,2.000000000000000000e+00
-4.498292770010368091e-01,2.011778941456026093e-01,-5.000000000000000000e-01
2.588560914008156466e+00,-1.000000000000000000e+00,-9.565800640687606160e-01
3.500000000000000000e+00,1.244707326764338928e+00,8.113854210951521040e-02
1.002388953661668802e+00,-1.000000000000000000e+00,6.379663803334412187e-01
2.217849212455254904e+00,2.000000000000000000e+00,3.658947572517683433e-01
4.177028201371008054e-01,1.172763624758695222e+00,-1.000000000000000000e+00
8.578709593796925992e-01,4.480477664307345176e-01,-1.000000000000000000e+00
3.000000000000000000e+00,1.953561648962402586e+00,5.782968524371050467e-01
3.405199387337682460e+00,-5.000000000000000000e-01,8.661070841156419675e-01
2.972190477218769278e+00,1.353770669289440676e+00,-1.000000000000000000e+00
1.606787639562900383e+00,-1.000000000000000000e+00,5.248225258608787414e-01
3.000000000000000000e+00,-4.783708487770259588e-01,-5.882898347202194511e-01
-3.253248796443335422e-01,7.152383331594225346e-01,-5.000000000000000000e-01
0.000000000000000000e+00,-5.728678242167826173e-01,-8.790048794096120277e-01
8.539810781105219295e-01,-1.000000000000000000e+00,-1.185328087088475257e-01
2.819417438659564290e+00,2.000000000000000000e+00,1.044198547833505408e+00
2.091777917780763829e+00,-1.000000000000000000e+00,1.906257866034830162e+00
3.500000000000000000e+00,-4.334491665053417098e-01,-5.226655178328165618e-02
2.137709831001258109e+00,1.181689492952928688e-01,2.000000000000000000e+00
2.851908100800312207e-01,-1.000000000000000000e+00,-1.968693321323444767e-01
3.000000000000000000e+00,1.798109848343321993e+00,2.581539341201750659e-01
3.062011000895106250e+00,-5.000000000000000000e-01,4.282612683609225979e-01
3.191619326156597269e-01,6.744552861338357630e-01,2.000000000000000000e+00
-5.000000000000000000e-01,8.919238293206044332e-01,1.004605466823300208e+00
1.324812332955609850e+00,1.270723507091496174e+00,-1.000000000000000000e+00
2.502832893682357396e-01,-1.000000000000000000e+00,7.177567418532080357e-01
1.580447691904516727e+00,-1.000000000000000000e+00,1.258226145918261984e+00
3.215235929082442823e+00,-3.540988707788463863e-01,-5.000000000000000000e-01
3.000000000000000000e+00,-1.728213009364611974e-01,-6.414197000631366441e-01
2.826307852662419684e+00,1.752042737390996585e+00,-1.000000000000000000e+00
1.978969688387642645e+00,-1.000000000000000000e+00,-7.901316229185818552e-01
-4.997494970614533294e-01,-5.000000000000000000e-01,1.477062583207682689e+00
1.390283542451781873e+00,6.884414608047946249e-01,2.000000000000000000e+00
-5.000000000000000000e-01,-2.741205802896711230e-01,3.346550241871026898e-03
1.024912426196821214e+00,2.787201229755544851e-01,-1.000000000000000000e+00
1.386868282731438917e+00,4.087452299051093085e-01,-1.000000000000000000e+00
2.414593785297456385e+00,2.000000000000000000e+00,4.800031312978449982e-01
1.600277721126940111e+00,1.633672037928333154e+00,-1.000000000000000000e+00
0.000000000000000000e+00,1.028650299713597338e+00,1.671142550468039722e+00
0.000000000000000000e+00,-4.421672780697384342e-01,1.816415759511972539e+00
2.353328635366654265e+00,5.150444514190555267e-01,-1.000000000000000000e+00
1.351934109155236818e+00,1.538720474169801289e+00,2.000000000000000000e+00
2.819199705485539109e+00,-1.000000000000000000e+00,6.013439478950788342e-02
1.442304499979374155e+00,-1.000000000000000000e+00,-6.075695726306731270e-01
5.405293924825309571e-01,-2.317086351238080155e-01,2.000000000000000000e+00
2.652690771266906555e+00,-1.000000000000000000e+00,9.776394120228504292e-02
1.154341746712647554e+00,2.000000000000000000e+00,1.321451694141908551e-01
1.508402346861854593e-01,1.559184028395144139e+00,-1.000000000000000000e+00
3.500000000000000000e+00,1.402310472000629638e+00,7.330520907297508604e-01
2.967335466789300380e-02,-1.000000000000000000e+00,-4.143544191653368847e-01
9.267021824669973151e-01,4.184847629114263334e-01,-1.000000000000000000e+00
2.048759510832822706e+00,1.051287192008842464e+00,2.000000000000000000e+00
3.000000000000000000e+00,-7.321792107438013231e-01,1.005831138426544591e+00
2.685465647623985763e+00,-3.051839892563240619e-01,2.000000000000000000e+00
2.912193989530383664e+00,-1.000000000000000000e+00,1.853863905673960755e+00
1.699577555177594235e+00,-1.000000000000000000e+00,-8.817329522201822201e-03
2.888252249271537231e+00,-8.226492452802348643e-01,-1.000000000000000000e+00
3.500000000000000000e+00,6.082357016217205814e-01,3.100403202233639188e-01
2.402818785899340170e+00,4.529368977769419047e-01,2.000000000000000000e+00
1.544081923041158433e+00,-1.000000000000000000e+00,1.522880954097141526e+00
6.135099298398927203e-02,1.699460228623336455e+00,-1.000000000000000000e+00
3.500000000000000000e+00,-4.240189008744676968e-02,1.147025211307097337e+00
3.901949990652217037e-01,9.739941921938743974e-01,2.000000000000000000e+00
1.939548557501818316e+00,-3.173964641979301060e-01,2.000000000000000000e+00
1.099154290338284934e+00,5.643783782901437007e-01,2.000000000000000000e+00
2.024791461836522810e+00,-2.973803325548789456e-01,-1.000000000000000000e+00
1.408912420297489199e+00,-1.000000000000000000e+00,1.674526813585179852e+00
-7.241573720177507667e-02,-5.000000000000000000e-01,1.394422378904831783e+00
0.000000000000000000e+00,6.814851969481343641e-01,1.727199743178315927e+00
-5.000000000000000000e-01,-2.447967697318382818e-01,1.465776479774004049e+00
3.000000000000000000e+00,1.604221706047150420e+00,-5.316869987283826537e-01
0.000000000000000000e+00,1.797928060342545376e+00,-9.321313818382068739e-01
3.963437005293525273e-01,-1.000000000000000000e+00,-3.779076607160277712e-01
-5.000000000000000000e-01,8.827706119150049435e-01,1.389285232806651837e+00
2.365229202750574800e+00,3.128784257887577969e-01,-1.000000000000000000e+00
1.889776000948712120e+00,-9.820153097892306837e-01,2.000000000000000000e+00
0.000000000000000000e+00,-8.303993213097876636e-01,3.540976445562185049e-01
2.611854571646204715e+00,-1.000000000000000000e+00,-4.221536989161823739e-01
3.000000000000000000e+00,-6.170241288349253006e-01,-2.166674693370496119e-01
2.263141329345742747e+00,-2.606239368074839691e-01,2.000000000000000000e+00
3.302264433620412998e+00,1.500000000000000000e+00,1.017710373075262131e+00
2.805999540477976950e-01,8.575387547002550903e-01,2.000000000000000000e+00
3.000000000000000000e+00,-1.407816795925426190e-01,1.773626001723709322e+00
5.384619927964252595e-01,-1.000000000000000000e+00,-7.226384715661047231e-01
3.500000000000000000e+00,1.126281468377569706e+00,1.149184723602671321e+00
1.092095728967445556e+00,2.000000000000000000e+00,1.695412785722416604e+00
3.172453676799579902e+00,1.500000000000000000e+00,1.327830712065080521e+00
1.672417807072501095e+00,-2.679308456700268959e-01,2.000000000000000000e+00
1.458781079270354830e-01,4.493388959367623503e-01,-1.000000000000000000e+00
2.787625606430077951e+00,-1.000000000000000000e+00,1.179263063589864657e+00
-2.469054598818625212e-01,-3.488782327425732355e-01,1.500000000000000000e+00
3.500000000000000000e+00,-1.909485716318837234e-01,4.841892435240611192e-01
2.618844513199217516e+00,-1.000000000000000000e+00,2.556888219666011430e-01
1.905606154392626150e-01,-7.109930452117878552e-01,-1.000000000000000000e+00
9.541822788051739224e-01,-1.000000000000000000e+00,-7.037752125562484196e-01
6.480998879970090165e-01,2.000000000000000000e+00,-9.119106726313267464e-01
1.602451319943377639e+00,-2.874410161925002871e-01,-1.000000000000000000e+00
2.297569310843783352e+00,-4.833913250749646284e-01,2.000000000000000000e+00
1.872698431456079504e+00,2.000000000000000000e+00,4.416562825993053387e-01
1.307234711813875183e+00,-1.000000000000000000e+00,1.756110817086543818e+00
1.472211086592589258e+00,-1.000000000000000000e+00,1.117071340369119703e+00
6.433027716580048683e-01,9.506480809286399491e-01,2.000000000000000000e+00
-4.940436585055074659e-01,3.242313589710248412e-01,-5.000000000000000000e-01
2.809104346062496926e+00,-1.000000000000000000e+00,1.249881086037585298e+00
2.732229164490780349e+00,2.000000000000000000e+00,-1.199865507096032902e-01
3.209480647975567091e+00,1.500000000000000000e+00,-9.872265843459548940e-02
7.776354965650262852e-01,-1.752734336870490628e-01,-1.000000000000000000e+00
8.296250516956774623e-01,2.000000000000000000e+00,7.449246698370934894e-01
2.669466480787163754e-01,9.065743144558702227e-02,-1.000000000000000000e+00
0.000000000000000000e+00,-7.122962797475103081e-01,4.702757519694067412e-01
2.972737797749243072e+00,2.000000000000000000e+00,7.038596057596517852e-01
3.024232203944006603e+00,-5.000000000000000000e-01,1.270883476292836933e+00
9.251291186265380162e-01,-1.000000000000000000e+00,-1.674340028424181614e-01
1.028885091716215339e+00,3.048554216481702550e-01,-1.000000000000000000e+00
2.495038073080153129e+00,2.000000000000000000e+00,-1.496511886814213543e-01
-3.885816785174665000e-01,-5.000000000000000000e-01,8.587784620451035522e-01
2.991189101749498924e+00,2.000000000000000000e+00,1.936663113128905156e+00
2.994977625881102945e+00,-3.438657892424438201e-01,-1.000000000000000000e+00
3.044930698876663122e+00,1.387170479774228804e+00,1.500000000000000000e+00
-5.000000000000000000e-01,9.011971289643316840e-01,8.241275153247329399e-02
2.264504731292146911e+00,-1.000000000000000000e+00,-5.938791426922788164e-01
1.497235458861842616e+00,-1.000000000000000000e+00,9.951251842513793022e-01
-2.092891745001841386e-01,1.156784285701343507e+00,-5.000000000000000000e-01
2.065111134441883767e+00,1.455799771263467157e+00,2.000000000000000000e+00
0.000000000000000000e+00,9.255839575226096905e-01,-6.946619396879236685e-01
2.677872683081860661e+00,-5.648096335292422943e-01,2.000000000000000000e+00
5.577093828333987702e-01,2.000000000000000000e+00,1.030353111252961806e-01
3.500000000000000000e+00,6.824003648790890608e-01,8.784706774303898680e-01
4.066475927252789502e-01,2.000000000000000000e+00,-7.516252220806607376e-01
3.416149542047443255e+00,8.670770384658597063e-01,-5.000000000000000000e-01
1.597065707167121928e+00,-1.000000000000000000e+00,4.766004824132632489e-01
-4.660933137415164129e-01,1.500000000000000000e+00,5.225562310075069217e-01
3.000000000000000000e+00,1.625913692769830110e+00,8.620599315151875608e-01
3.000000000000000000e+00,-9.541839568155471296e-01,-8.651055047870677139e-01
3.500000000000000000e+00,-1.513224507675348107e-02,1.131929572742785384e+00
-5.000000000000000000e-01,1.124042126827154098e+00,-1.123850152777674527e-01
6.395887069371409828e-01,-1.000000000000000000e+00,-1.862701732129208310e-01
3.158289404059487548e+00,1.414009724753222619e+00,1.500000000000000000e+00
5.994017467233915264e-01,2.000000000000000000e+00,1.949514316517784618e+00
2.082922412208858542e+00,6.260041425879934174e-01,-1.000000000000000000e+00
3.058654388885425846e+00,-5.000000000000000000e-01,1.073607351403653709e+00
1.485417663649479803e+00,1.952569955520914391e+00,2.000000000000000000e+00
6.279379052513784920e-01,2.818748686969740902e-02,2.000000000000000000e+00
3.000000000000000000e+00,-3.050446444202805640e-01,1.760966475019762001e+00
1.717126243439532463e+00,-1.000000000000000000e+00,1.443463280912978597e+00
2.425586452872322329e+00,1.823349254365789207e+00,-1.000000000000000000e+00
0.000000000000000000e+00,1.819913371817613701e+00,9.868226795880543634e-01
1.605101271520998463e+00,-2.622214087615182265e-01,2.000000000000000000e+00
3.311320509988690652e+00,-5.000000000000000000e-01,1.340970587099023170e+00
1.769846504461486614e+00,-1.000000000000000000e+00,5.277619719456334568e-01
1.899121505709320257e+00,1.436905817561977550e-01,-1.000000000000000000e+00
7.872030098289616307e-01,2.000000000000000000e+00,5.026517301409989535e-01
0.000000000000000000e+00,9.178245771791400109e-01,1.871187379086623359e+00
0.000000000000000000e+00,1.525064630172734859e+00,2.420022395049878927e-01
1.763909183891738675e+00,2.000000000000000000e+00,1.837331154462304994e+00
-5.000000000000000000e-01,1.429782570371270101e+00,6.058533502523737457e-01
0.000000000000000000e+00,-7.931440251119741269e-01,1.577483756398970982e+00
2.843032795965266812e-01,2.000000000000000000e+00,1.939161763965458363e+00
6.691725356581181838e-01,2.000000000000000000e+00,3.732481614179730123e-01
3.405678122504415484e+00,1.500000000000000000e+00,1.291096730531587466e+00
1.582492140824677040e+00,6.141212757569409764e-01,-1.000000000000000000e+00
6.005979433900944242e-01,1.397253799650599149e+00,-1.000000000000000000e+00
9.363057831651925289e-01,2.000000000000000000e+00,1.945606891647945869e+00
1.893808001401997121e+00,-1.000000000000000000e+00,1.359656608502586295e+00
1.819533183415272148e+00,-1.000000000000000000e+00,-4.903652487528455950e-01
6.732096324343039839e-02,2.000000000000000000e+00,4.078979775405902064e-01
4.207703599090453217e-01,-1.000000000000000000e+00,-9.925202391227292420e-01
1.962778472772344962e+00,2.000000000000000000e+00,-8.623680665048992777e-01
-5.000000000000000000e-01,7.577240253473860321e-01,1.152460131177359459e+00
3.257440763787266214e+00,1.500000000000000000e+00,1.107418714872411503e+00
3.049643751135150627e+00,9.345414376708420789e-01,-5.000000000000000000e-01
3.500000000000000000e+00,7.684032708586299165e-01,1.120994680240881891e+00
2.581874543841652603e+00,9.018425078028846631e-01,2.000000000000000000e+00
-3.333151666078393305e-01,1.354808870498334983e+00,1.500000000000000000e+00
6.454482684006369597e-01,1.478580567450602512e+00,-1.000000000000000000e+00
6.071158956825013497e-01,-1.000000000000000000e+00,1.408194790338293423e+00
0.000000000000000000e+00,-6.933987927155254027e-01,1.617304158707476347e+00
-2.749522000763102714e-01,1.500000000000000000e+00,8.703667114536677296e-01
3.081380648068178019e+00,1.500000000000000000e+00,1.215432682150920929e+00
1.851370920943526510e+00,-6.510074878528409048e-01,2.000000000000000000e+00
3.000000000000000000e+00,-9.323549054907753764e-02,1.952229045879875002e+00
3.500000000000000000e+00,-2.327273051195226650e-01,2.747721070579050018e-01
2.963897122347524338e+00,1.895511663531848079e+00,2.000000000000000000e+00
2.665813333752718339e+00,1.386188734257922217e+00,-1.000000000000000000e+00
-2.311861769086309693e-01,1.500000000000000000e+00,1.436800014790901470e+00
2.672299393352848718e+00,2.000000000000000000e+00,-5.678171826966105229e-01
1.164901013799521934e-01,-1.000000000000000000e+00,4.823640651280298730e-01
5.680427908444951601e-02,9.849480571606537005e-01,2.000000000000000000e+00
2.828145812738941167e+00,2.000000000000000000e+00,1.171952053012381700e+00
1.279551079438639771e+00,2.000000000000000000e+00,2.505689606173122641e-01
3.418723595612023658e+00,-5.000000000000000000e-01,-1.469028711001676424e-01
1.750849079447099221e+00,1.148902748662719020e+00,2.000000000000000000e+00
3.515462448710291454e-01,-1.000000000000000000e+00,1.920620143961643933e+00
3.500000000000000000e+00,1.610426611821116349e-01,4.347376214525187077e-01
0.000000000000000000e+00,-7.431625952102793864e-01,-4.103951537113692538e-02
9.848194804618630727e-01,-7.255092646902152609e-01,-1.000000000000000000e+00
2.963027870618827997e+00,9.716475045415462475e-02,-1.000000000000000000e+00
3.500000000000000000e+00,2.073013060247752559e-01,6.889527205468715110e-02
0.000000000000000000e+00,1.460669088105485791e+00,-8.149217236170236411e-01
0.000000000000000000e+00,1.761196040740914626e+00,1.489930269217909498e-01
0.000000000000000000e+00,-8.142487489197887118e-01,8.435621893833569196e-01
-3.010616581475435982e-01,1.500000000000000000e+00,1.375286030849725005e-01
2.058786345610689850e+00,-8.643526707953564925e-01,-1.000000000000000000e+00
5.912536761141525821e-01,-2.777591296467941673e-01,-1.000000000000000000e+00
6.212608267211394697e-01,1.208701556426600821e+00,-1.000000000000000000e+00
1.196764665844777920e+00,2.000000000000000000e+00,2.152733980378545020e-01
2.076240824125872297e-01,8.644231551745358288e-01,2.000000000000000000e+00
1.420568578140957605e+00,1.010523639818202035e+00,2.000000000000000000e+00
4.594034373086843814e-01,-1.000000000000000000e+00,9.434349258061431875e-01
0.000000000000000000e+00,1.860998176982476160e+00,4.901434740231804810e-01
0.000000000000000000e+00,-9.258761971025870618e-01,-6.513758355353325147e-01
1.414021961828513918e+00,2.000000000000000000e+00,1.374837367825302969e+00
3.000000000000000000e+00,9.880444702049526740e-01,1.704726706538153280e+00
3.500000000000000000e+00,-2.228366220989026480e-01,1.655984908289636071e-01
-4.809042412996715754e-01,1.126693463111219096e+00,-5.000000000000000000e-01
7.092670363186589499e-01,1.027220823377160031e+00,-1.000000000000000000e+00
2.090612413522459523e+00,1.786177971333469117e-01,2.000000000000000000e+00
3.001159611354598411e+00,-2.434633231978389212e-02,1.500000000000000000e+00
1.277698126793452182e+00,-1.000000000000000000e+00,1.085574569430758363e+00
2.533065325472548812e-01,2.000000000000000000e+00,-1.824326885760974015e-02
1.920438196229634853e+00,2.000000000000000000e+00,2.743776502738981549e-02
6.293794477997273207e-01,2.000000000000000000e+00,-3.123653469082640077e-01
2.223872130576854733e+00,2.000000000000000000e+00,3.728157570790608943e-01
3.000000000000000000e+00,1.678285410787589083e+00,1.377043408793064749e+00
2.892131301969646628e+00,-2.860484818303683507e-01,2.000000000000000000e+00
2.175630360437402544e+00,-1.000000000000000000e+00,-6.635021870411229594e-01
-5.000000000000000000e-01,4.563516179796349714e-01,-4.722536198222311299e-01
2.024832524762617325e+00,-1.000000000000000000e+00,-8.675911169853230964e-01
8.141460967228424384e-01,9.051820234537577559e-01,-1.000000000000000000e+00
1.002779143994904754e+00,1.753479664002027594e+00,2.000000000000000000e+00
1.433394599065137998e+00,-6.505565180089234456e-01,2.000000000000000000e+00
2.649088333485567492e+00,1.152401829042080106e+00,-1.000000000000000000e+00
3.000000000000000000e+00,-9.612202233629228987e-01,-4.393359535721189646e-01
3.500000000000000000e+00,1.056194795819001664e+00,6.631971121338879893e-01
-3.450709516575933833e-02,-5.000000000000000000e-01,1.466035966893160403e+00
8.165243601452679689e-01,2.000000000000000000e+00,1.033098153347345782e+00
1.987790504226126131e+00,-4.601636701808990981e-01,-1.000000000000000000e+00
-5.000000000000000000e-01,1.185244809950501299e+00,7.224917457470054760e-01
1.204133681540376255e+00,1.758423752057711731e+00,2.000000000000000000e+00
2.793253242515872259e+00,2.000000000000000000e+00,8.982895062557945121e-01
2.560779815777276092e+00,-2.940016787228165729e-01,2.000000000000000000e+00
0.000000000000000000e+00,-6.637093211362042888e-01,-6.882839643120585160e-01
3.000000000000000000e+00,1.968140890117115127e+00,-6.856780235798539680e-01
2.489977913118629260e+00,-9.788804592904498669e-01,2.000000000000000000e+00
2.757925970562234763e+00,-1.404447924340219700e-01,2.000000000000000000e+00
3.265950860518816778e+00,-5.000000000000000000e-01,1.112142708432855454e+00
2.866503285819763214e+00,5.596399553848758757e-01,2.000000000000000000e+00
5.495336967906888637e-01,-8.931248907361836187e-01,-1.000000000000000000e+00
3.000000000000000000e+00,1.907962364675829470e+00,-9.968274511518406822e-01
3.500000000000000000e+00,1.126377744382242918e+00,3.058317797063283550e-01
-5.000000000000000000e-01,-1.851394157742902724e-01,5.442052356496125398e-01
1.920062437050941373e+00,-1.000000000000000000e+00,1.693394700676165598e+00
-5.000000000000000000e-01,7.988401532241795611e-01,5.193886502281546136e-01
3.457927568372792138e+00,-1.952941892145090286e-01,1.500000000000000000e+00
0.000000000000000000e+00,1.773445803627363482e+00,4.570871515145058517e-02
-3.377722931778641691e-01,6.646017859435309205e-01,1.500000000000000000e+00
1.038852687303643219e+00,-1.000000000000000000e+00,1.664983864428748461e+00
0.000000000000000000e+00,9.694146423506402321e-01,1.751781364788820738e+00
1.070895769209862181e+00,-2.886006154215481345e-02,2.000000000000000000e+00
1.017415425743454893e+00,2.000000000000000000e+00,1.180654408633686092e+00
1.681229618717051011e+00,2.000000000000000000e+00,-5.452192675834461877e-01
5.101643407351591497e-01,7.818824764231646629e-01,-1.000000000000000000e+00
1.229827095975203344e+00,2.000000000000000000e+00,6.420723750317116618e-01
3.500000000000000000e+00,2.513617382754782525e-01,-1.493821703396696066e-01
2.042846692859055402e+00,6.323077854817853449e-01,-1.000000000000000000e+00
1.006770028392917737e+00,2.000000000000000000e+00,-3.392015587279645361e-01
1.278826996618016576e+00,2.000000000000000000e+00,-8.726056822097890686e-01
2.448018819732521223e+00,1.506531470065279876e+00,-1.000000000000000000e+00
3.435709423252021555e+00,1.500000000000000000e+00,-2.820803304466368289e-01
3.500000000000000000e+00,-2.350771132416451525e-01,1.385371510647285032e+00
9.641317911067814883e-03,-1.000000000000000000e+00,-3.813815399543091234e-01
1.095990581265026353e+00,2.000000000000000000e+00,2.118506289365282846e-01
6.552856785099115955e-01,1.898027299472138552e+00,-1.000000000000000000e+00
1.991842990823237791e+00,2.000000000000000000e+00,-3.216325578920168349e-01
1.761068156573316834e+00,2.000000000000000000e+00,-3.604814166181171675e-01
0.000000000000000000e+00,-8.372172024945254698e-01,8.944675271808519845e-01
5.694203955970977837e-02,-1.000000000000000000e+00,-5.233172061058559699e-01
2.170443258010967380e+00,3.988501885048423290e-02,-1.000000000000000000e+00
2.542447940072746881e+00,-1.000000000000000000e+00,8.630529135845999011e-01
1.703603962716368603e+00,2.000000000000000000e+00,-2.581688390747476358e-01
3.493582129462263097e+00,1.500000000000000000e+00,-4.542677085781945401e-01
2.841586778054249862e+00,-1.000000000000000000e+00,-9.728797436801415177e-01
2.683670136774890302e+00,1.644654338126888327e+00,2.000000000000000000e+00
-5.000000000000000000e-01,1.168107232306259124e-01,3.329332966948901351e-01
2.399133231801159116e+00,2.000000000000000000e+00,9.246821624146228658e-01
4.090515787466416642e-01,2.000000000000000000e+00,5.019292503389616300e-01
-5.000000000000000000e-01,1.224594689493925248e+00,1.256199118403345416e+00
3.242633705299617475e+00,-2.786711744073773200e-01,1.500000000000000000e+00
1.936107597948977244e-02,1.762619963448648797e+00,-1.000000000000000000e+00
1.587019738567525540e+00,2.000000000000000000e+00,-2.732626328695179074e-01
-5.000000000000000000e-01,9.522208359263528710e-01,2.679222849248850125e-01
-5.000000000000000000e-01,1.290300380187699991e+00,5.842780849801700871e-01
2.754211012467303377e+00,2.000000000000000000e+00,8.464289766842192364e-01
3.338974153734551642e+00,1.500000000000000000e+00,4.985174178000626455e-01
4.165377326264574354e-01,-1.000000000000000000e+00,1.840074449946857982e-01
2.101971216276825150e+00,-1.000000000000000000e+00,1.476418754751316342e+00
2.081526582904080769e+00,7.817849854198479775e-01,2.000000000000000000e+00
3.505949416934847074e-01,-1.000000000000000000e+00,-3.985698670276782707e-01
-5.000000000000000000e-01,8.286556353523644169e-02,6.838833248322240266e-03
3.000000000000000000e+00,1.053988455380077127e+00,-6.819874642879549809e-01
2.745396371674930780e+00,-1.000000000000000000e+00,-2.217478433088604373e-01
3.385922753490224757e+00,-5.000000000000000000e-01,-7.649495016298990535e-02
2.637490928486217356e+00,1.357072055224518348e+00,-1.000000000000000000e+00
2.532985048634332159e+00,-1.000000000000000000e+00,9.262143815984749118e-01
2.595145121509987440e+00,-1.000000000000000000e+00,1.323804865664254482e+00
1.152450597893273088e+00,3.573395935365866194e-01,-1.000000000000000000e+00
2.415494215040531856e+00,-1.000000000000000000e+00,1.520090503247342628e+00
3.000000000000000000e+00,1.627770485345352292e+00,5.648956369474404937e-01
8.060970095507016264e-01,2.000000000000000000e+00,7.936824085987692623e-01
2.739078424990396776e+00,-1.000000000000000000e+00,1.655321494473244837e+00
2.608863737584703468e+00,-1.008748828626327976e-01,2.000000000000000000e+00
4.290587779265956359e-01,-1.000000000000000000e+00,-6.043912380410668694e-01
9.098970605510148246e-01,2.000000000000000000e+00,1.715076354438811457e-01
-5.000000000000000000e-01,1.064017304066744662e+00,9.189202754350911384e-02
2.311524489203970134e+00,1.739745855965468824e-01,-1.000000000000000000e+00
3.198600208365756092e-01,1.517275704915058476e+00,2.000000000000000000e+00
1.772898662353816768e-02,-1.000000000000000000e+00,3.732225978515606446e-01
3.000000000000000000e+00,6.663003036897285902e-01,1.643747268816052376e+00
5.137254797008495855e-01,-7.002812976635212072e-01,-1.000000000000000000e+00
2.620976182728689263e+00,1.747590433231787976e+00,-1.000000000000000000e+00
5.001341015957457836e-01,1.646980110697555233e+00,2.000000000000000000e+00
3.000000000000000000e+00,6.608036735150628616e-01,1.506578400317638788e+00
3.000000000000000000e+00,1.958914680550958298e+00,1.425448300348874930e-01
8.540011563148350859e-01,2.000000000000000000e+00,-7.582663250108641062e-01
1.088903530698118960e+00,1.797229023469877340e+00,2.000000000000000000e+00
3.500000000000000000e+00,6.779626099325064548e-01,1.384233300334750671e+00
6.085468748212914392e-01,1.594044921129059933e+00,-1.000000000000000000e+00
3.500000000000000000e+00,5.701337965351893633e-01,-1.164445247545724538e-01
-4.744928743374428048e-01,-5.000000000000000000e-01,3.542379458709770113e-01
0.000000000000000000e+00,-2.926701037334955569e-01,1.547598457305180197e+00
3.043049979574780295e+00,-1.227689471931932008e-01,1.500000000000000000e+00
2.962227625065686265e+00,9.311153252101906919e-01,2.000000000000000000e+00
4.458310211088288844e-01,3.621573750320072893e-01,2.000000000000000000e+00
2.533084257815733764e+00,-1.000000000000000000e+00,1.632607324335496379e+00
2.465267668784376198e+00,1.291340052147239348e+00,2.000000000000000000e+00
3.138486417815008256e+00,6.699886413135924812e-02,1.500000000000000000e+00
1.415168112273150758e+00,2.000000000000000000e+00,7.339220407650013378e-01
2.006979767718661378e+00,-1.000000000000000000e+00,-6.090838637789550702e-01
1.048779764965054984e+00,4.372537710279957857e-01,-1.000000000000000000e+00
3.500000000000000000e+00,1.167934307503175395e+00,4.480944467938157150e-01
1.445163888376279182e+00,2.000000000000000000e+00,1.214327512222040273e+00
3.000000000000000000e+00,1.627053267282908777e+00,-7.142985864981142852e-01
4.428547452385855898e-02,2.000000000000000000e+00,-8.338927223427897717e-01
2.639978659688139828e+00,-1.000000000000000000e+00,-9.856128171754212630e-01
1.670037066260472436e+00,1.321412027558475089e-01,-1.000000000000000000e+00
2.358540490797153666e+00,1.928058064982253406e+00,2.000000000000000000e+00
7.217136466838041109e-01,2.000000000000000000e+00,-1.390399412605978213e-01
3.000000000000000000e+00,1.486905807823523773e+00,1.818662158996571687e+00
3.000000000000000000e+00,2.372755639575285791e-01,1.822419484029794923e+00
3.500000000000000000e+00,2.094013224577375709e-01,1.130108258607646965e+00
2.318187052891505395e+00,-1.000000000000000000e+00,-9.209330858807118769e-02
2.641819629620226983e+00,-1.612732576057870348e-01,2.000000000000000000e+00
2.114947348526933446e+00,-1.000000000000000000e+00,-8.429046401982839276e-01
0.000000000000000000e+00,-7.742277108414130637e-01,1.387631904002004646e+00
3.000000000000000000e+00,1.280337758385662550e+00,-5.486966227659519912e-01
1.763978366105162010e+00,2.959993626793668842e-01,2.000000000000000000e+00
2.464554221936843259e+00,-1.000000000000000000e+00,1.894886477015620851e+00
0.000000000000000000e+00,-6.538012964957968798e-01,1.156655901742282389e+00
3.000000000000000000e+00,-9.770812543200149136e-01,1.351595566112676394e+00
3.277524399344949657e+00,-5.000000000000000000e-01,1.248187544638273971e+00
7.090087463007008761e-01,1.760360249979413982e+00,-1.000000000000000000e+00
0.000000000000000000e+00,1.737105780730562099e+00,7.165215816079490985e-01
-5.000000000000000000e-01,4.304678779626489593e-01,-2.623495335725294364e-01
1.454058606308446411e+00,1.580613794054985810e-02,-1.000000000000000000e+00
2.365025328270651706e+00,-1.000000000000000000e+00,1.111844180893344802e+00
1.120337120512427065e+00,-1.741422378612316191e-01,2.000000000000000000e+00
1.303072104162152023e+00,3.429692750902975096e-01,2.000000000000000000e+00
2.259604608051807517e+00,2.000000000000000000e+00,1.753514089195534531e+00
2.318281448804895284e+00,1.940506822687915189e-01,-1.000000000000000000e+00
-5.000000000000000000e-01,1.206063632323488788e+00,7.528295207742761175e-01
3.031688715099854825e+00,-4.250395360161676184e-01,1.500000000000000000e+00
-3.203218533484382124e-01,-5.000000000000000000e-01,1.830135039263567354e-01
3.500000000000000000e+00,1.113169413997122659e+00,2.765284018230675933e-01
2.729549370494158911e+00,1.159736621347988716e-01,2.000000000000000000e+00
3.000000000000000000e+00,-5.888184251183800066e-01,1.976079698599859213e+00
4.895003340346762988e-01,1.587982137278733497e+00,-1.000000000000000000e+00
0.000000000000000000e+00,1.422207650031196646e+00,-7.043093273586557013e-01
3.000000000000000000e+00,-6.790547843399582506e-01,1.887470299278121821e+00
3.469112868537147953e+00,3.099607515452846851e-01,1.500000000000000000e+00
2.035369907481454188e+00,6.788945094619629472e-01,2.000000000000000000e+00
3.386040507744424222e+00,-5.000000000000000000e-01,1.403998611712716116e+00
4.303583593273219154e-01,2.000000000000000000e+00,1.385970182135202400e+00
3.500000000000000000e+00,-3.978708685775531606e-01,-2.187525307068756142e-01
7.422193777762084999e-01,2.000000000000000000e+00,1.987321484081280065e+00
1.482252510314002958e+00,-1.000000000000000000e+00,1.148394555602419320e+00
-5.000000000000000000e-01,-6.209431704126333607e-02,1.919772087567466201e-01
3.000000000000000000e+00,8.520851484189322367e-01,-9.450548295121842246e-01
-5.000000000000000000e-01,3.581297772920044586e-01,9.915845630034236802e-01
3.500000000000000000e+00,8.949572213689926947e-01,1.318867004365873674e+00
2.814125729532793052e+00,-1.000000000000000000e+00,4.698797080573118290e-01
4.994161731213204725e-01,1.679844330182518330e+00,-1.000000000000000000e+00
-4.166529268114207429e-01,-5.000000000000000000e-01,6.635151072333211886e-01
1.593763529880265484e-01,6.574086013577613574e-01,2.000000000000000000e+00
-5.000000000000000000e-01,-7.082781870126675372e-03,-1.843303723084448453e-01
2.710566254446604706e+00,2.000000000000000000e+00,-2.615229566562600194e-01
2.858537543187091856e+00,-1.064694571718288740e-01,-1.000000000000000000e+00
0.000000000000000000e+00,1.180215507858878077e+00,-6.066199428993509501e-01
1.258556920926200418e+00,2.000000000000000000e+00,1.593496075853179761e+00
2.302757908250400831e+00,-1.000000000000000000e+00,8.374057234452676468e-01
2.079886678707857151e+00,2.623338095893323896e-03,2.000000000000000000e+00
3.045873847295336390e+00,1.500000000000000000e+00,-2.624106230217129188e-01
1.714522368597248381e+00,-1.000000000000000000e+00,8.448066686314497087e-01
-5.000000000000000000e-01,-3.942923150972099666e-01,7.479010884327474962e-02
1.748184747082885293e+00,7.585205574081972379e-01,-1.000000000000000000e+00
2.130616440957521007e+00,2.000000000000000000e+00,1.036978092428038067e-01
2.639003052531206261e+00,2.000000000000000000e+00,1.800247731952948627e+00
2.009602523265674456e+00,2.000000000000000000e+00,4.931386354954705453e-01
3.000000000000000000e+00,1.973275571590387134e+00,1.786127982413599380e+00
2.857174327401553526e+00,1.113465877657391356e+00,-1.000000000000000000e+00
1.628664245417733580e+00,6.443336188741843884e-01,2.000000000000000000e+00
2.418128395183711365e+00,-3.578327178171203382e-02,2.000000000000000000e+00
3.000000000000000000e+00,-2.872925966296018263e-01,-5.131876461627331576e-01
-5.000000000000000000e-01,-3.845419497143127696e-01,-2.930689247967110944e-02
2.179183759867895365e-01,3.259095037520005622e-01,-1.000000000000000000e+00
3.463452798827708623e+00,1.500000000000000000e+00,9.657008594895930553e-01
2.585194741093100212e+00,-1.000000000000000000e+00,-5.208022719010394486e-01
3.466449246017041519e-01,-1.535150790069763627e-01,2.000000000000000000e+00
3.429885145723361450e+00,-5.000000000000000000e-01,9.101674250423856805e-01
3.500000000000000000e+00,-4.148589405786395901e-01,3.071398549372001963e-01
1.384106000064226238e+00,1.867971586349250757e-01,-1.000000000000000000e+00
-4.293955638117423756e-01,9.132297042902191020e-01,-5.000000000000000000e-01
1.858430926943483330e+00,1.871236304690056418e+00,-1.000000000000000000e+00
4.302801075209216064e-01,-7.791998469374616931e-03,2.000000000000000000e+00
2.281207686249704381e+00,6.177082870090766509e-01,-1.000000000000000000e+00
-3.565148403721281056e-01,5.992213957166383498e-01,-5.000000000000000000e-01
3.500000000000000000e+00,9.971727645688632791e-02,-1.302842470256182494e-02
3.439292034721859181e+00,1.435644195695740866e+00,-5.000000000000000000e-01
-5.000000000000000000e-01,9.487054665901748507e-01,5.607317249982637364e-01
3.411205894629145696e+00,1.500000000000000000e+00,8.573192764801418342e-01
3.000000000000000000e+00,-5.174589227692706350e-01,-4.325210800248905363e-01
1.631220476202840830e+00,-1.000000000000000000e+00,-6.855758183993491128e-01
3.406053148713699130e+00,6.237324673744848447e-02,1.500000000000000000e+00
2.235841389821520142e+00,2.453275533246381812e-01,2.000000000000000000e+00
0.000000000000000000e+00,1.900850840134611808e+00,1.504347558836515830e+00
1.492281047517250325e+00,2.880790151945049615e-01,2.000000000000000000e+00
3.369352850587703951e+00,1.190794611238407130e+00,-5.000000000000000000e-01
2.392001587779075678e+00,9.994961753502127344e-01,2.000000000000000000e+00
4.553315612519284183e-01,2.000000000000000000e+00,1.335292802311226268e+00
1.543473638078863841e+00,1.443148102917128028e+00,-1.000000000000000000e+00
6.737541051779359913e-01,-6.472393325039184075e-01,2.000000000000000000e+00
2.452723326586373709e+00,6.114968157570275231e-01,2.000000000000000000e+00
0.000000000000000000e+00,-8.084051412349605448e-01,3.932475365362104736e-01
4.612109877087410270e-01,-1.000000000000000000e+00,6.393703392432938948e-01
5.761833139052235930e-01,-4.247376438284811151e-01,-1.000000000000000000e+00
2.341192737406899038e+00,-1.000000000000000000e+00,9.709309777742052283e-01
-2.730167827328124908e-01,-5.000000000000000000e-01,-2.398142361508215359e-02
2.516044386210070094e-02,2.000000000000000000e+00,1.470295992970531707e+00
1.211328883529150247e-03,2.000000000000000000e+00,-4.941324507837585589e-01
8.421780723096350396e-02,-1.000000000000000000e+00,1.410229501105036753e+00
1.019033757261267770e+00,2.000000000000000000e+00,6.553319565937338886e-01
3.000000000000000000e+00,-8.570130072377919461e-01,6.511951184279500815e-01
3.143355643756497564e+00,1.049825572122649486e+00,-5.000000000000000000e-01
2.194385001370164900e+00,-3.765748344431026906e-01,-1.000000000000000000e+00
2.141953585942047766e+00,2.000000000000000000e+00,5.281431718793050401e-02
2.276768605545904656e-01,-3.563432791057814519e-01,2.000000000000000000e+00
0.000000000000000000e+00,4.954564020370377797e-01,-5.378978667578706574e-01
1.134698557776512962e+00,-5.352355898230755082e-01,2.000000000000000000e+00
3.500000000000000000e+00,7.132190638274729100e-01,2.667608290463485687e-02
2.935007923779801686e+00,-2.887347023515537403e-01,-1.000000000000000000e+00
1.987562547362164533e+00,2.000000000000000000e+00,1.661226256851715100e+00
3.000000000000000000e+00,1.422222037891867519e+00,1.798535983971281560e+00
1.154402009164300136e+00,-1.000000000000000000e+00,6.609543258092793749e-01
3.500000000000000000e+00,1.244456470876522669e-01,-4.907984245695053982e-01
0.000000000000000000e+00,-5.312881319912129419e-01,1.009172890837152448e+00
1.434953078489471956e+00,2.000000000000000000e+00,-1.293415081036155545e-01
3.000000000000000000e+00,1.995549821573065152e+00,3.857807427035959691e-01
3.000000000000000000e+00,1.473207996388644414e+00,-8.053045924513007048e-01
0.000000000000000000e+00,-8.843760560000243354e-01,1.685161078927306821e+00
8.971243951441582043e-01,-7.718814922580008453e-02,-1.000000000000000000e+00
0.000000000000000000e+00,-9.643260725952763623e-01,8.111761048005097230e-01
1.278390167620853113e+00,-1.000000000000000000e+00,8.402323372481670383e-01
7.507450372326611721e-01,2.000000000000000000e+00,1.561388336655984421e-01
-5.000000000000000000e-01,8.175231227221630981e-01,9.582692815182995982e-01
3.000000000000000000e+00,-9.244737418916959548e-01,9.591116872148570671e-01
3.000000000000000000e+00,-8.965800534292845958e-01,-8.755991204338025025e-01
-5.000000000000000000e-01,1.402483892908490404e-02,1.058081202606049320e+00
1.342580223761979497e+00,-8.778012429501752534e-01,-1.000000000000000000e+00
3.233917392454386253e+00,1.500000000000000000e+00,1.243879958558693488e+00
2.909430286699673296e+00,2.000000000000000000e+00,1.668426536416537154e+00
0.000000000000000000e+00,3.554004886198891544e-01,1.915432406824011391e+00
9.257180629381478454e-02,2.000000000000000000e+00,-6.490990553774191874e-01
2.883231439125671702e+00,2.000000000000000000e+00,5.150424291063766535e-01
3.401342004564646970e-01,1.510308724178196726e+00,2.000000000000000000e+00
-5.000000000000000000e-01,1.154535675887796486e+00,1.459595835255153684e+00
1.650049568685424628e+00,2.000000000000000000e+00,1.372146886365390728e+00
3.000000000000000000e+00,1.333404420145688274e+00,1.907503522790430672e+00
2.561248712108952219e+00,-1.000000000000000000e+00,-1.764713039672753947e-01
-5.000000000000000000e-01,6.753274717509560876e-01,1.136949171629952016e+00
0.000000000000000000e+00,1.606182597197757023e+00,2.154499308619297615e-01
0.000000000000000000e+00,1.796802144420633685e+00,3.392606019582182775e-01
3.000000000000000000e+00,1.793004684063828069e+00,6.764496185608197543e-01
1.265017298363843912e+00,8.563622044876213479e-01,2.000000000000000000e+00
2.606513407388816095e+00,-6.449938525783327492e-01,-1.000000000000000000e+00
3.000000000000000000e+00,-9.066332603449128724e-01,2.455391947039506917e-01
2.691143009023100330e+00,-1.000000000000000000e+00,-7.493527464584339715e-01
1.477442326002965656e-01,2.000000000000000000e+00,7.702053809583138122e-01
3.500000000000000000e+00,6.183479919811769587e-01,2.158436707032145296e-01
2.750990159737236596e+00,2.000000000000000000e+00,1.611356058200024144e+00
0.000000000000000000e+00,6.260745369301066177e-01,1.794169007757029810e+00
3.500000000000000000e+00,-7.387836453306428908e-02,2.043130738670102531e-01
3.000000000000000000e+00,-6.888808066786606954e-01,9.875803813760164473e-02
3.081412111208422511e-01,3.812497518291875220e-01,-1.000000000000000000e+00
0.000000000000000000e+00,5.318974800666600444e-01,1.802463976085785013e+00
3.000000000000000000e+00,-7.768959182464734159e-01,-1.247693013629703751e-01
2.518157655625621771e+00,-7.870005355771581002e-01,2.000000000000000000e+00
1.945838650712321094e+00,-1.000000000000000000e+00,1.730384604520720515e-01
-4.396790620950379314e-01,1.500000000000000000e+00,-2.932967769858390028e-01
1.149309528374317546e+00,7.051994824078176016e-01,2.000000000000000000e+00
1.053861017952543389e+00,2.000000000000000000e+00,1.320487014870074027e+00
0.000000000000000000e+00,1.793834059001044423e+00,1.772482795838089320e+00
1.453387527220695308e+00,1.846631172452905645e+00,2.000000000000000000e+00
